source_index,active_power,reactive_power,power_factor,current,valid,context
1507611,432.31732177734375,224.59933471679688,0.887333333492279,2.276566743850708,1,1
1507612,431.9836730957031,223.3000030517578,0.8884000182151794,2.2744998931884766,1,1
1507613,432.1493225097656,223.68600463867188,0.8879666924476624,2.273900032043457,1,1
1507614,432.6830139160156,224.34832763671875,0.8877999782562256,2.2743332386016846,1,1
1507615,434.64166259765625,223.4320068359375,0.8893666863441467,2.2836999893188477,1,1
1507616,432.2866516113281,222.8070068359375,0.8887666463851929,2.274733304977417,1,1
1507617,434.2596740722656,225.60366821289062,0.8873999714851379,2.281100034713745,1,1
1507618,433.6300048828125,224.1943359375,0.8882666826248169,2.2758333683013916,1,1
1507619,435.02801513671875,225.2616729736328,0.8879666924476624,2.278566598892212,1,1
1507620,433.8900146484375,224.75399780273438,0.8879666924476624,2.2727999687194824,1,1
1507621,434.34100341796875,225.19667053222656,0.8877999782562256,2.275599956512451,1,1
1507622,387.85565185546875,236.76300048828125,0.8463333249092102,2.121633291244507,1,1
1507623,310.2583312988281,223.71766662597656,0.8111000061035156,1.779099941253662,1,1
1507624,309.3846740722656,223.3730010986328,0.81086665391922,1.7748667001724243,1,1
1507625,309.9493408203125,223.7796630859375,0.8107666373252869,1.7781000137329102,1,1
1507626,354.9633483886719,211.23033142089844,0.8510000109672546,1.930299997329712,1,1
1507627,432.6616516113281,226.21800231933594,0.8860666751861572,2.270866632461548,1,1
1507628,432.7090148925781,226.56533813476562,0.8859333395957947,2.2718000411987305,1,1
1507629,432.4496765136719,225.88966369628906,0.8863666653633118,2.2692999839782715,1,1
1507630,433.0606689453125,224.99966430664062,0.8873000144958496,2.2744998931884766,1,1
1507631,435.9333190917969,227.32266235351562,0.8866333365440369,2.289599895477295,1,1
1507632,434.0740051269531,226.47799682617188,0.8865666389465332,2.280433416366577,1,1
1507633,434.190673828125,225.69500732421875,0.8873000144958496,2.2802999019622803,1,1
1507634,433.58966064453125,226.14599609375,0.8866000175476074,2.275599956512451,1,1
1507635,433.60467529296875,227.7826690673828,0.8852666616439819,2.2781333923339844,1,1
1507636,433.1549987792969,226.77732849121094,0.8859999775886536,2.2744667530059814,1,1
1507637,433.0533447265625,226.1719970703125,0.8863333463668823,2.2741334438323975,1,1
1507638,389.5679931640625,237.25332641601562,0.8468666672706604,2.130533218383789,1,1
1507639,310.486328125,223.05999755859375,0.8121333122253418,1.7798333168029785,1,1
1507640,310.3083190917969,222.8520050048828,0.8122000098228455,1.7838666439056396,1,1
1507641,310.6199951171875,222.37399291992188,0.8130999803543091,1.7851333618164062,1,1
1507642,352.7413330078125,209.6406707763672,0.8508666753768921,1.930733323097229,1,1
1507643,432.7179870605469,222.09567260742188,0.8895999789237976,2.2835333347320557,1,1
1507644,431.5260009765625,222.9776611328125,0.8884000182151794,2.281566619873047,1,1
1507645,432.6066589355469,222.8596649169922,0.8888999819755554,2.2846999168395996,1,1
1507646,432.0023193359375,223.06199645996094,0.8885666728019714,2.2826333045959473,1,1
1507647,431.8139953613281,223.15367126464844,0.8883000016212463,2.2820334434509277,1,1
1507648,430.8926696777344,222.4183349609375,0.8886333107948303,2.276599884033203,1,1
1507649,431.2343444824219,223.28900146484375,0.8880333304405212,2.279933214187622,1,1
1507650,430.1563415527344,222.61599731445312,0.8880666494369507,2.2739665508270264,1,1
1507651,431.406005859375,221.7693328857422,0.8892666697502136,2.2762999534606934,1,1
1507652,430.906005859375,222.90167236328125,0.8881000280380249,2.277733325958252,1,1
1507653,431.18701171875,222.8663330078125,0.8883333206176758,2.2788000106811523,1,1
1507654,389.79901123046875,233.0816650390625,0.8510333299636841,2.1406333446502686,1,1
1507655,310.5053405761719,219.6913299560547,0.816266655921936,1.7857667207717896,1,1
1507656,309.3869934082031,218.80532836914062,0.816433310508728,1.7793666124343872,1,1
1507657,309.44866943359375,219.3523406982422,0.815833330154419,1.7821999788284302,1,1
1507658,350.55267333984375,207.54566955566406,0.8519999980926514,1.9239000082015991,1,1
1507659,431.9626770019531,221.5260009765625,0.8898000121116638,2.284566640853882,1,1
1507660,431.28466796875,223.66200256347656,0.8877000212669373,2.2816333770751953,1,1
1507661,429.59967041015625,219.87567138671875,0.8901666402816772,2.2657666206359863,1,1
1507662,426.78765869140625,219.5326690673828,0.88919997215271,2.254666566848755,1,1
1507663,428.2120056152344,218.23500061035156,0.8909000158309937,2.2592999935150146,1,1
1507664,426.86566162109375,219.4080047607422,0.8893666863441467,2.2558000087738037,1,1
1507665,427.9966735839844,218.32566833496094,0.8907999992370605,2.2564666271209717,1,1
1507666,427.74432373046875,219.39466857910156,0.8896666765213013,2.2537999153137207,1,1
1507667,428.74432373046875,218.89833068847656,0.8906000256538391,2.25766658782959,1,1
1507668,427.24798583984375,219.37600708007812,0.8895333409309387,2.252033233642578,1,1
1507669,427.18267822265625,219.08966064453125,0.8896999955177307,2.253999948501587,1,1
1507670,385.32501220703125,228.98333740234375,0.8522666692733765,2.113166570663452,1,1
1507671,306.225341796875,215.88099670410156,0.8173666596412659,1.7574000358581543,1,1
1507672,305.5899963378906,216.2653350830078,0.8162999749183655,1.75736665725708,1,1
1507673,307.7013244628906,216.77566528320312,0.8175333142280579,1.763266682624817,1,1
1507674,346.357666015625,204.04766845703125,0.8529999852180481,1.8974332809448242,1,1
1507675,428.2546691894531,218.40432739257812,0.8907666802406311,2.258033275604248,1,1
1507676,426.7659912109375,218.95399475097656,0.8896666765213013,2.251966714859009,1,1
1507677,429.9403381347656,219.07200622558594,0.890999972820282,2.263333320617676,1,1
1507678,428.31634521484375,221.4443359375,0.8882666826248169,2.25600004196167,1,1
1507679,428.81500244140625,218.4759979248047,0.8909666538238525,2.256666660308838,1,1
1507680,428.8783264160156,219.83799743652344,0.8898666501045227,2.2580666542053223,1,1
1507681,428.2489929199219,220.85299682617188,0.8888000249862671,2.252666711807251,1,1
1507682,427.2099914550781,220.60299682617188,0.8884666562080383,2.2467665672302246,1,1
1507683,427.7550048828125,219.15866088867188,0.8900333046913147,2.245966672897339,1,1
1507684,426.22100830078125,220.67967224121094,0.8880333304405212,2.242833375930786,1,1
1507685,426.9010009765625,219.1913299560547,0.8896333575248718,2.242466688156128,1,1
1507686,387.4703369140625,230.58966064453125,0.8518999814987183,2.1158666610717773,1,1
1507687,306.2430114746094,217.36099243164062,0.8154666423797607,1.7548667192459106,1,1
1507688,305.3796691894531,217.41932678222656,0.8145999908447266,1.750100016593933,1,1
1507689,306.6080017089844,217.8263397216797,0.8151999711990356,1.7539666891098022,1,1
1507690,346.7460021972656,206.3373260498047,0.8499666452407837,1.8877999782562256,1,1
1507691,429.88934326171875,220.83132934570312,0.8894666433334351,2.2479000091552734,1,1
1507692,430.0713195800781,222.6923370361328,0.8880000114440918,2.2525999546051025,1,1
1507693,429.9840087890625,221.88600158691406,0.8886666893959045,2.25053334236145,1,1
1507694,429.11932373046875,222.7429962158203,0.8875333070755005,2.251966714859009,1,1
1507695,430.7239990234375,222.40834045410156,0.888533353805542,2.2557332515716553,1,1
1507696,429.9756774902344,223.125,0.887499988079071,2.254199981689453,1,1
1507697,429.5283203125,222.6820068359375,0.8877999782562256,2.250333309173584,1,1
1507698,429.4013366699219,222.90232849121094,0.8874666690826416,2.2502999305725098,1,1
1507699,430.107666015625,222.72900390625,0.8880000114440918,2.252833366394043,1,1
1507700,429.3206787109375,222.00466918945312,0.8882666826248169,2.248033285140991,1,1
1507701,429.31866455078125,221.8423309326172,0.8884666562080383,2.249799966812134,1,1
1507702,389.1919860839844,233.5453338623047,0.8500999808311462,2.1208999156951904,1,1
1507703,306.7330017089844,220.29766845703125,0.8122333288192749,1.756766676902771,1,1
1507704,307.4456787109375,219.5796661376953,0.8137333393096924,1.759433388710022,1,1
1507705,308.0683288574219,220.73500061035156,0.812833309173584,1.7627333402633667,1,1
1507706,346.76165771484375,206.96099853515625,0.8493666648864746,1.8912667036056519,1,1
1507707,429.4383239746094,220.78700256347656,0.8892666697502136,2.251166582107544,1,1
1507708,428.7056579589844,221.63966369628906,0.8882333040237427,2.2495999336242676,1,1
1507709,429.5966796875,220.36099243164062,0.8898000121116638,2.2569000720977783,1,1
1507710,429.850341796875,220.55099487304688,0.8895999789237976,2.2576334476470947,1,1
1507711,429.5169982910156,220.19766235351562,0.8898666501045227,2.2544333934783936,1,1
1507712,429.2860107421875,220.0846710205078,0.8899000287055969,2.2532334327697754,1,1
1507713,429.4513244628906,221.32400512695312,0.8887333273887634,2.2565667629241943,1,1
1507714,428.61199951171875,221.17466735839844,0.8884999752044678,2.253833293914795,1,1
1507715,428.6833190917969,220.5760040283203,0.8891666531562805,2.252833366394043,1,1
1507716,426.8853454589844,218.74099731445312,0.8898666501045227,2.2502334117889404,1,1
1507717,427.93798828125,220.14166259765625,0.8891666531562805,2.2537333965301514,1,1
1507718,387.4606628417969,230.30467224121094,0.8523333072662354,2.1226999759674072,1,1
1507719,305.6893310546875,218.62232971191406,0.8133999705314636,1.7613999843597412,1,1
1507720,307.3296813964844,218.4969940185547,0.8150333166122437,1.7667666673660278,1,1
1507721,306.00201416015625,218.00332641601562,0.8144000172615051,1.7606333494186401,1,1
1507722,346.17132568359375,206.57032775878906,0.8495333194732666,1.895633339881897,1,1
1507723,428.00433349609375,219.96200561523438,0.8893666863441467,2.25219988822937,1,1
1507724,427.7286682128906,218.4636688232422,0.8906333446502686,2.2545666694641113,1,1
1507725,429.71533203125,222.3679962158203,0.8881333470344543,2.2613000869750977,1,1
1507726,428.13232421875,219.04432678222656,0.8902666568756104,2.257833242416382,1,1
1507727,429.0830078125,220.7030029296875,0.88919997215271,2.2554666996002197,1,1
1507728,427.7973327636719,220.70933532714844,0.888700008392334,2.251533269882202,1,1
1507729,429.7743225097656,221.6493377685547,0.8887666463851929,2.259666681289673,1,1
1507730,428.14166259765625,220.33999633789062,0.8891000151634216,2.251133441925049,1,1
1507731,430.5140075683594,221.44400024414062,0.88919997215271,2.2623000144958496,1,1
1507732,429.6353454589844,222.00833129882812,0.8884999752044678,2.259866714477539,1,1
1507733,429.6080017089844,221.815673828125,0.8884999752044678,2.259333372116089,1,1
1507734,390.34967041015625,233.69033813476562,0.8507000207901001,2.134700059890747,1,1
1507735,308.3383483886719,220.3939971923828,0.8135666847229004,1.771066665649414,1,1
1507736,308.3973388671875,220.2760009765625,0.8137666583061218,1.770966649055481,1,1
1507737,308.81365966796875,219.871337890625,0.814633309841156,1.771466612815857,1,1
1507738,345.8340148925781,206.47833251953125,0.8499666452407837,1.8964333534240723,1,1
1507739,430.96466064453125,220.36000061035156,0.8903999924659729,2.264699935913086,1,1
1507740,429.2276611328125,221.76133728027344,0.888533353805542,2.2576334476470947,1,1
1507741,429.5676574707031,222.27099609375,0.8881999850273132,2.2601332664489746,1,1
1507742,427.68701171875,221.44332885742188,0.8880333304405212,2.2505667209625244,1,1
1507743,426.8429870605469,220.25332641601562,0.8886333107948303,2.244499921798706,1,1
1507744,426.6853332519531,221.08200073242188,0.8878999948501587,2.245633363723755,1,1
1507745,427.0196533203125,219.6750030517578,0.8891333341598511,2.24399995803833,1,1
1507746,418.8869934082031,222.14366149902344,0.8833333253860474,2.215766668319702,1,1
1507747,403.6610107421875,216.6826629638672,0.8810666799545288,2.140866756439209,1,1
1507748,426.5146789550781,215.9510040283203,0.8917999863624573,2.234299898147583,1,1
1507749,467.6570129394531,213.8993377685547,0.9090666770935059,2.4035332202911377,1,1
1507750,464.4483337402344,233.1663360595703,0.8881666660308838,2.436500072479248,1,1
1507751,379.9143371582031,220.41932678222656,0.8650000095367432,2.052466630935669,1,1
1507752,379.51165771484375,222.4443359375,0.8627333045005798,2.051466703414917,1,1
1507753,378.4330139160156,222.2123260498047,0.862333357334137,2.0481667518615723,1,1
1507754,416.6709899902344,207.7723388671875,0.8884666562080383,2.178999900817871,1,1
1507755,500.3599853515625,225.2530059814453,0.9117333292961121,2.5562334060668945,1,1
1507756,499.1966552734375,223.06399536132812,0.9130666851997375,2.555000066757202,1,1
1507757,480.7696533203125,229.18499755859375,0.9016000032424927,2.4834001064300537,1,1
1507758,430.434326171875,221.53700256347656,0.88919997215271,2.262166738510132,1,1
1507759,430.9809875488281,219.76832580566406,0.8907666802406311,2.260666608810425,1,1
1507760,432.5016784667969,219.6823272705078,0.8916000127792358,2.2654333114624023,1,1
1507761,432.2083435058594,219.08633422851562,0.8920000195503235,2.2636332511901855,1,1
1507762,432.1340026855469,219.67599487304688,0.8915333151817322,2.2652666568756104,1,1
1507763,429.7656555175781,220.6873321533203,0.8895999789237976,2.2575666904449463,1,1
1507764,428.7646789550781,221.22799682617188,0.8886333107948303,2.2545666694641113,1,1
1507765,429.3326721191406,221.88633728027344,0.8884000182151794,2.259399890899658,1,1
1507766,390.8393249511719,233.30233764648438,0.8516666889190674,2.1352999210357666,1,1
1507767,307.6506652832031,219.2933349609375,0.814300000667572,1.7654666900634766,1,1
1507768,307.611328125,219.1626739501953,0.8143666386604309,1.7682666778564453,1,1
1507769,308.6419982910156,219.6756591796875,0.8147000074386597,1.7719333171844482,1,1
1507770,345.35968017578125,206.93133544921875,0.8492333292961121,1.8935999870300293,1,1
1507771,429.1650085449219,220.6719970703125,0.8892999887466431,2.263166666030884,1,1
1507772,428.38568115234375,223.15232849121094,0.8868666887283325,2.2585666179656982,1,1
1507773,428.4063415527344,219.3979949951172,0.8901000022888184,2.2597334384918213,1,1
1507774,428.4706726074219,220.00466918945312,0.8895666599273682,2.259200096130371,1,1
1507775,428.3216552734375,219.10733032226562,0.8902333378791809,2.2584333419799805,1,1
1507776,427.746337890625,219.17166137695312,0.8898666501045227,2.2558000087738037,1,1
1507777,427.489990234375,218.58766174316406,0.8902666568756104,2.254166603088379,1,1
1507778,427.9410095214844,219.4856719970703,0.8897666931152344,2.2579667568206787,1,1
1507779,429.3179931640625,219.3036651611328,0.8905333280563354,2.2623000144958496,1,1
1507780,427.642333984375,220.29933166503906,0.8889666795730591,2.2574334144592285,1,1
1507781,428.5013427734375,219.63966369628906,0.8898666501045227,2.260999917984009,1,1
1507782,391.2513427734375,227.77667236328125,0.8571000099182129,2.143366575241089,1,1
1507783,308.47967529296875,218.5143280029297,0.8159999847412109,1.7753666639328003,1,1
1507784,308.79998779296875,218.4163360595703,0.816433310508728,1.7757666110992432,1,1
1507785,309.5480041503906,218.44000244140625,0.8170999884605408,1.7786999940872192,1,1
1507786,347.1753234863281,207.1406707763672,0.8508666753768921,1.907266616821289,1,1
1507787,430.875,222.19467163085938,0.888700008392334,2.2739334106445312,1,1
1507788,431.781005859375,222.17066955566406,0.8891333341598511,2.27976655960083,1,1
1507789,431.5899963378906,222.125,0.8890666961669922,2.282566785812378,1,1
1507790,431.1000061035156,221.0226593017578,0.8898666501045227,2.2816333770751953,1,1
1507791,429.3153381347656,221.20266723632812,0.889033317565918,2.2716667652130127,1,1
1507792,429.4973449707031,221.1320037841797,0.8891333341598511,2.27156662940979,1,1
1507793,429.0123291015625,220.0850067138672,0.8896999955177307,2.2722666263580322,1,1
1507794,430.6260070800781,222.82200622558594,0.8881999850273132,2.277066707611084,1,1
1507795,429.67767333984375,220.27633666992188,0.8898000121116638,2.275866746902466,1,1
1507796,430.7590026855469,221.2586669921875,0.8895999789237976,2.2785332202911377,1,1
1507797,429.7760009765625,219.7433319091797,0.8903999924659729,2.275099992752075,1,1
1507798,397.15234375,232.1840057373047,0.857200026512146,2.1728665828704834,1,1
1507799,313.8566589355469,221.50799560546875,0.8169666528701782,1.805799961090088,1,1
1507800,311.2909851074219,220.14866638183594,0.8164666891098022,1.791700005531311,1,1
1507801,310.4880065917969,220.01266479492188,0.815833330154419,1.7865666151046753,1,1
1507802,334.82867431640625,212.97000122070312,0.839733362197876,1.8624666929244995,1,1
1507803,429.49700927734375,223.02366638183594,0.8873999714851379,2.26253342628479,1,1
1507804,431.0176696777344,225.78533935546875,0.8857333064079285,2.273733377456665,1,1
1507805,429.21466064453125,223.20333862304688,0.8871999979019165,2.260666608810425,1,1
1507806,429.23834228515625,222.33566284179688,0.8878999948501587,2.2588999271392822,1,1
1507807,391.8559875488281,224.75033569335938,0.8661333322525024,2.118133306503296,1,1
1507808,405.4503479003906,216.5973358154297,0.8808333277702332,2.151900053024292,1,1
1507809,429.80999755859375,221.86599731445312,0.8885999917984009,2.2602667808532715,1,1
1507810,393.58233642578125,228.39866638183594,0.8634666800498962,2.128366708755493,1,1
1507811,371.3716735839844,224.6219940185547,0.855566680431366,2.02239990234375,1,1
1507812,370.33734130859375,226.47833251953125,0.8528666496276855,2.0211334228515625,1,1
1507813,372.50201416015625,225.48699951171875,0.8553666472434998,2.0324666500091553,1,1
1507814,352.2683410644531,231.09266662597656,0.833733320236206,1.9660667181015015,1,1
1507815,309.4476623535156,221.9949951171875,0.8124666810035706,1.7768666744232178,1,1
1507816,310.190673828125,222.54066467285156,0.8125666379928589,1.780900001525879,1,1
1507817,316.273681640625,226.07232666015625,0.8134333491325378,1.8138333559036255,1,1
1507818,336.25201416015625,214.88400268554688,0.8384000062942505,1.8687000274658203,1,1
1507819,403.8343200683594,223.2123260498047,0.8733333349227905,2.163133382797241,1,1
1507820,396.1723327636719,229.72799682617188,0.8634999990463257,2.1440000534057617,1,1
1507821,373.378662109375,226.39132690429688,0.8550000190734863,2.037733316421509,1,1
1507822,370.6413269042969,224.60366821289062,0.8551999926567078,2.031933307647705,1,1
1507823,370.78900146484375,225.46299743652344,0.8542666435241699,2.0289666652679443,1,1
1507824,370.0733337402344,226.12767028808594,0.8532000184059143,2.027733325958252,1,1
1507825,370.43365478515625,224.6929931640625,0.8548333048820496,2.0316667556762695,1,1
1507826,371.4606628417969,226.8593292236328,0.8533999919891357,2.0356333255767822,1,1
1507827,370.7266540527344,226.2743377685547,0.8535000085830688,2.031933307647705,1,1
1507828,369.20599365234375,224.5780029296875,0.8543333411216736,2.0290000438690186,1,1
1507829,369.7843322753906,224.1613311767578,0.8550666570663452,2.0332000255584717,1,1
1507830,351.52398681640625,226.99566650390625,0.8381666541099548,1.972100019454956,1,1
1507831,311.2239990234375,217.99234008789062,0.819100022315979,1.7875666618347168,1,1
1507832,311.83099365234375,219.08099365234375,0.8182333111763,1.7905999422073364,1,1
1507833,308.8703308105469,218.66200256347656,0.8162333369255066,1.7767000198364258,1,1
1507834,308.3160095214844,217.6993408203125,0.8168666958808899,1.7755999565124512,1,1
1507835,308.8663330078125,217.6616668701172,0.8174333572387695,1.7745333909988403,1,1
1507836,307.72265625,217.232666015625,0.8169000148773193,1.7684333324432373,1,1
1507837,306.8603210449219,217.0116729736328,0.8163999915122986,1.7656333446502686,1,1
1507838,307.6736755371094,216.29966735839844,0.8180666565895081,1.7712666988372803,1,1
1507839,306.7040100097656,217.21200561523438,0.8159999847412109,1.764466643333435,1,1
1507840,307.0409851074219,217.6926727294922,0.8157333135604858,1.7670667171478271,1,1
1507841,306.648681640625,217.66867065429688,0.8154333233833313,1.7646666765213013,1,1
1507842,307.0883483886719,217.89633178710938,0.8154666423797607,1.767799973487854,1,1
1507843,307.3500061035156,217.78565979003906,0.8159666657447815,1.7684999704360962,1,1
1507844,306.21600341796875,217.28500366210938,0.8155666589736938,1.7653000354766846,1,1
1507845,306.5086669921875,218.59133911132812,0.8141000270843506,1.7683000564575195,1,1
1507846,307.7413330078125,218.34567260742188,0.8155333399772644,1.7726333141326904,1,1
1507847,306.7973327636719,217.18466186523438,0.8162333369255066,1.767799973487854,1,1
1507848,306.6839904785156,217.96499633789062,0.8151000142097473,1.7664333581924438,1,1
1507849,307.6510009765625,218.03700256347656,0.8158666491508484,1.7736666202545166,1,1
1507850,306.93499755859375,219.35133361816406,0.8135333061218262,1.7711666822433472,1,1
1507851,307.593994140625,218.1996612548828,0.8155666589736938,1.7725000381469727,1,1
1507852,307.753662109375,218.58200073242188,0.8153333067893982,1.7727667093276978,1,1
1507853,307.9823303222656,217.9253387451172,0.8163333535194397,1.771299958229065,1,1
1507854,307.4513244628906,218.07200622558594,0.815666675567627,1.7696666717529297,1,1
1507855,275.25732421875,218.22500610351562,0.7828333377838135,1.6496332883834839,1,1
1507856,303.809326171875,215.5833282470703,0.8152999877929688,1.7490999698638916,1,1
1507857,310.44134521484375,219.1699981689453,0.8168333172798157,1.78410005569458,1,1
1507858,309.2126770019531,218.95266723632812,0.8160666823387146,1.7788000106811523,1,1
1507859,308.3723449707031,219.08233642578125,0.8151999711990356,1.7767666578292847,1,1
1507860,288.420654296875,217.7223358154297,0.7973333597183228,1.6974666118621826,1,1
1507861,291.2273254394531,218.49899291992188,0.7992666959762573,1.7140333652496338,1,1
1507862,308.5343322753906,214.33099365234375,0.8213666677474976,1.770233392715454,1,1
1507863,307.899658203125,217.73333740234375,0.8165333271026611,1.77073335647583,1,1
1507864,308.4136657714844,217.22067260742188,0.8175666928291321,1.7757666110992432,1,1
1507865,308.0799865722656,217.98533630371094,0.8162999749183655,1.7718333005905151,1,1
1507866,308.11431884765625,218.1306610107422,0.8161666393280029,1.7723666429519653,1,1
1507867,307.7686767578125,219.65133666992188,0.8139333128929138,1.7732332944869995,1,1
1507868,295.6723327636719,221.83999633789062,0.7990333437919617,1.7345333099365234,1,1
1507869,291.2813415527344,216.1873321533203,0.8013666868209839,1.7022000551223755,1,1
1507870,292.92401123046875,216.2653350830078,0.8037333488464355,1.7091000080108643,1,1
1507871,308.00201416015625,219.5936737060547,0.8142333626747131,1.7720333337783813,1,1
1507872,308.1266784667969,219.23233032226562,0.8148333430290222,1.7754000425338745,1,1
1507873,308.1159973144531,221.47999572753906,0.8120666742324829,1.777333378791809,1,1
1507874,307.6993408203125,219.8249969482422,0.8136333227157593,1.7740000486373901,1,1
1507875,307.70599365234375,218.04566955566406,0.8159000277519226,1.7727999687194824,1,1
1507876,307.2203369140625,217.97000122070312,0.8155999779701233,1.7693333625793457,1,1
1507877,308.0123291015625,217.9943389892578,0.8162333369255066,1.7724332809448242,1,1
1507878,308.6646728515625,218.80332946777344,0.815833330154419,1.7762999534606934,1,1
1507879,308.4679870605469,217.30499267578125,0.8174999952316284,1.7767666578292847,1,1
1507880,308.3789978027344,218.25067138671875,0.8162000179290771,1.7742667198181152,1,1
1507881,286.3550109863281,217.5489959716797,0.7950000166893005,1.6950666904449463,1,1
1507882,299.80767822265625,216.24465942382812,0.8102333545684814,1.7407000064849854,1,1
1507883,287.58233642578125,215.07400512695312,0.800000011920929,1.686733365058899,1,1
1507884,309.8800048828125,219.74932861328125,0.8156999945640564,1.7843666076660156,1,1
1507885,309.6976623535156,221.01133728027344,0.813966691493988,1.7784667015075684,1,1
1507886,308.8946533203125,219.1366729736328,0.8155666589736938,1.7750333547592163,1,1
1507887,309.1716613769531,219.47366333007812,0.8154333233833313,1.7747999429702759,1,1
1507888,308.8653259277344,220.04733276367188,0.814466655254364,1.774066686630249,1,1
1507889,309.0406799316406,218.27200317382812,0.8167666792869568,1.7762999534606934,1,1
1507890,309.8326721191406,219.4546661376953,0.8160333037376404,1.7781000137329102,1,1
1507891,308.27532958984375,218.9163360595703,0.8152666687965393,1.770966649055481,1,1
1507892,308.4779968261719,218.85299682617188,0.8155999779701233,1.77156662940979,1,1
1507893,308.7646789550781,219.2916717529297,0.8152666687965393,1.773300051689148,1,1
1507894,307.78765869140625,217.2220001220703,0.8170999884605408,1.7703332901000977,1,1
1507895,310.4266662597656,219.99533081054688,0.8158666491508484,1.7834999561309814,1,1
1507896,308.32733154296875,218.3373260498047,0.8160333037376404,1.7723666429519653,1,1
1507897,307.7966613769531,217.19166564941406,0.8170333504676819,1.7666666507720947,1,1
1507898,306.6573181152344,217.1893310546875,0.8160666823387146,1.760366678237915,1,1
1507899,307.7200012207031,217.01766967773438,0.8171333074569702,1.7678333520889282,1,1
1507900,307.6163330078125,218.27999877929688,0.8155999779701233,1.7659000158309937,1,1
1507901,307.5386657714844,216.4603271484375,0.8177000284194946,1.7656333446502686,1,1
1507902,308.3103332519531,216.43699645996094,0.8184999823570251,1.767699956893921,1,1
1507903,308.16033935546875,217.7776641845703,0.8166999816894531,1.7682666778564453,1,1
1507904,307.2460021972656,216.91366577148438,0.8169666528701782,1.7657333612442017,1,1
1507905,307.78033447265625,216.9683380126953,0.817300021648407,1.7679333686828613,1,1
1507906,309.5573425292969,217.7693328857422,0.8177666664123535,1.7769333124160767,1,1
1507907,308.6146545410156,217.22633361816406,0.8177000284194946,1.77073335647583,1,1
1507908,307.8516540527344,217.5760040283203,0.8166666626930237,1.7692999839782715,1,1
1507909,309.11431884765625,218.2913360595703,0.8168333172798157,1.776633381843567,1,1
1507910,308.0163269042969,217.3070068359375,0.8170333504676819,1.770033359527588,1,1
1507911,308.90533447265625,215.54733276367188,0.8200333118438721,1.7767666578292847,1,1
1507912,308.4360046386719,217.50999450683594,0.8173333406448364,1.7777667045593262,1,1
1507913,308.2576599121094,215.6840057373047,0.8193666934967041,1.777166724205017,1,1
1507914,308.6000061035156,216.16200256347656,0.8190666437149048,1.7769666910171509,1,1
1507915,309.6196594238281,217.22633361816406,0.8185999989509583,1.7826666831970215,1,1
1507916,307.5436706542969,216.86000061035156,0.8173333406448364,1.775066614151001,1,1
1507917,309.11065673828125,218.04833984375,0.8171666860580444,1.7798666954040527,1,1
1507918,307.5233459472656,217.4116668701172,0.8165000081062317,1.7726000547409058,1,1
1507919,309.37432861328125,218.1943359375,0.8171666860580444,1.7821333408355713,1,1
1507920,308.39801025390625,219.02867126464844,0.8154000043869019,1.777833342552185,1,1
1507921,309.38299560546875,218.7826690673828,0.816433310508728,1.781233310699463,1,1
1507922,308.8626708984375,218.73300170898438,0.8160666823387146,1.7768666744232178,1,1
1507923,307.8160095214844,217.8523406982422,0.8161333203315735,1.770466685295105,1,1
1507924,307.47900390625,217.94700622558594,0.8158666491508484,1.7694333791732788,1,1
1507925,307.2006530761719,217.27133178710938,0.8163333535194397,1.7702000141143799,1,1
1507926,306.11334228515625,216.7899932861328,0.8161333203315735,1.767699956893921,1,1
1507927,307.57366943359375,218.48199462890625,0.8152333498001099,1.7710332870483398,1,1
1507928,305.7250061035156,217.24032592773438,0.8151000142097473,1.7608000040054321,1,1
1507929,306.35699462890625,217.69467163085938,0.8150333166122437,1.764466643333435,1,1
1507930,306.0396728515625,218.0643310546875,0.8143666386604309,1.764533281326294,1,1
1507931,306.57733154296875,217.75599670410156,0.8152666687965393,1.7660332918167114,1,1
1507932,306.22332763671875,217.48899841308594,0.8153333067893982,1.7645000219345093,1,1
1507933,306.3116760253906,215.54299926757812,0.8178333044052124,1.7651000022888184,1,1
1507934,306.8680114746094,216.9550018310547,0.8164666891098022,1.7691333293914795,1,1
1507935,305.2669982910156,218.35032653808594,0.8133999705314636,1.762933373451233,1,1
1507936,303.1969909667969,217.73133850097656,0.8123000264167786,1.7577333450317383,1,1
1507937,306.24334716796875,219.51133728027344,0.812666654586792,1.7695332765579224,1,1
1507938,306.37933349609375,220.1820068359375,0.8120666742324829,1.7713333368301392,1,1
1507939,308.517333984375,219.91766357421875,0.814300000667572,1.7787666320800781,1,1
1507940,305.3516540527344,218.03466796875,0.8137999773025513,1.7623666524887085,1,1
1507941,307.27032470703125,218.6336669921875,0.8148000240325928,1.7704999446868896,1,1
1507942,305.68701171875,219.73399353027344,0.8119999766349792,1.76746666431427,1,1
1507943,305.38299560546875,219.9893341064453,0.8114333152770996,1.7669999599456787,1,1
1507944,304.89166259765625,220.01300048828125,0.8108999729156494,1.7652000188827515,1,1
1507945,306.15234375,219.41766357421875,0.8127666711807251,1.7683666944503784,1,1
1507946,305.83099365234375,219.2203369140625,0.8127999901771545,1.7646666765213013,1,1
1507947,306.295654296875,220.71800231933594,0.8112666606903076,1.764466643333435,1,1
1507948,305.2113342285156,217.7896728515625,0.8140666484832764,1.7603332996368408,1,1
1507949,305.8296813964844,218.97300720214844,0.8130666613578796,1.7642666101455688,1,1
1507950,306.4353332519531,219.58099365234375,0.8129000067710876,1.7698999643325806,1,1
1507951,306.0603332519531,220.14132690429688,0.8118000030517578,1.7691667079925537,1,1
1507952,305.53167724609375,219.41400146484375,0.8122666478157043,1.7651666402816772,1,1
1507953,305.9490051269531,220.13999938964844,0.8118333220481873,1.7695666551589966,1,1
1507954,306.2293395996094,219.71299743652344,0.8124666810035706,1.7694666385650635,1,1
1507955,305.7690124511719,219.87600708007812,0.8119000196456909,1.7656667232513428,1,1
1507956,304.8353271484375,218.4796600341797,0.8127666711807251,1.760766625404358,1,1
1507957,304.7533264160156,218.5066680908203,0.8126999735832214,1.760533332824707,1,1
1507958,304.7936706542969,218.42599487304688,0.812833309173584,1.7604666948318481,1,1
1507959,305.5090026855469,218.61866760253906,0.8133000135421753,1.7618000507354736,1,1
1507960,304.6036682128906,219.7083282470703,0.8109666705131531,1.7602332830429077,1,1
1507961,305.3006591796875,219.1056671142578,0.8123999834060669,1.7623332738876343,1,1
1507962,305.976318359375,221.58799743652344,0.8098999857902527,1.7664666175842285,1,1
1507963,305.9663391113281,218.53799438476562,0.8137666583061218,1.766366720199585,1,1
1507964,307.05633544921875,219.80966186523438,0.8130666613578796,1.7690333127975464,1,1
1507965,306.53765869140625,218.871337890625,0.8138999938964844,1.7661333084106445,1,1
1507966,307.4903259277344,220.03599548339844,0.8131666779518127,1.77156662940979,1,1
1507967,306.6123352050781,221.10032653808594,0.8111000061035156,1.770033359527588,1,1
1507968,306.5639953613281,220.46266174316406,0.8119333386421204,1.7691999673843384,1,1
1507969,307.8179931640625,220.70233154296875,0.812666654586792,1.7735333442687988,1,1
1507970,306.61865234375,218.52200317382812,0.8143666386604309,1.767699956893921,1,1
1507971,308.0156555175781,219.5816650390625,0.8142666816711426,1.7731666564941406,1,1
1507972,306.59100341796875,219.3730010986328,0.8133333325386047,1.7693666219711304,1,1
1507973,307.0763244628906,219.91932678222656,0.8129666447639465,1.7732666730880737,1,1
1507974,305.8666687011719,219.60333251953125,0.8123666644096375,1.7722333669662476,1,1
1507975,305.9173278808594,217.236328125,0.8153666853904724,1.7706667184829712,1,1
1507976,306.8179931640625,217.9586639404297,0.8152666687965393,1.7752666473388672,1,1
1507977,306.40234375,217.84567260742188,0.8150666952133179,1.7733666896820068,1,1
1507978,305.97100830078125,217.53466796875,0.8149999976158142,1.7698333263397217,1,1
1507979,276.67333984375,216.4536590576172,0.7866666913032532,1.6503666639328003,1,1
1507980,305.49066162109375,217.50967407226562,0.8145666718482971,1.7672666311264038,1,1
1507981,307.211669921875,219.0396728515625,0.8142333626747131,1.7735999822616577,1,1
1507982,305.7489929199219,219.52867126464844,0.812333345413208,1.7662999629974365,1,1
1507983,305.0320129394531,218.7516632080078,0.8126333355903625,1.7622666358947754,1,1
1507984,305.9800109863281,218.8419952392578,0.8133999705314636,1.7661333084106445,1,1
1507985,1450.2012939453125,157.28533935546875,0.9680666923522949,6.938899993896484,1,1
1507986,1800.7430419921875,257.19732666015625,0.9899333119392395,8.599666595458984,1,1
1507987,1789.7286376953125,259.38134765625,0.989633321762085,8.54813289642334,1,1
1507988,1778.6883544921875,241.8780059814453,0.9908000230789185,8.507466316223145,1,1
1507989,1775.3900146484375,241.86300659179688,0.9908666610717773,8.486700057983398,1,1
1507990,1773.474609375,250.2826690673828,0.990066647529602,8.476799964904785,1,1
1507991,1773.150634765625,263.14031982421875,0.9890999794006348,8.472233772277832,1,1
1507992,1771.4093017578125,249.42599487304688,0.9901666641235352,8.467766761779785,1,1
1507993,1769.753662109375,241.982666015625,0.9908666610717773,8.460399627685547,1,1
1507994,1772.3409423828125,264.78533935546875,0.9890333414077759,8.465200424194336,1,1
1507995,1770.7530517578125,254.39300537109375,0.989633321762085,8.464300155639648,1,1
1507996,1770.843017578125,262.9630126953125,0.9890999794006348,8.461000442504883,1,1
1507997,1769.3330078125,253.48500061035156,0.9898333549499512,8.454266548156738,1,1
1507998,1770.2076416015625,255.95700073242188,0.9895333051681519,8.453399658203125,1,1
1507999,1770.3212890625,268.8089904785156,0.9886666536331177,8.451966285705566,1,1
1508000,1770.358642578125,269.3393249511719,0.9885666370391846,8.453967094421387,1,1
1508001,1774.793701171875,256.95599365234375,0.9896666407585144,8.46310043334961,1,1
1508002,1774.890625,263.96099853515625,0.9890333414077759,8.464366912841797,1,1
1508003,1776.2220458984375,257.72601318359375,0.9895666837692261,8.46619987487793,1,1
1508004,1776.961669921875,254.2310028076172,0.9898666739463806,8.467432975769043,1,1
1508005,1775.9296875,257.1866760253906,0.9896666407585144,8.464433670043945,1,1
1508006,1778.7919921875,249.46533203125,0.9901999831199646,8.472700119018555,1,1
1508007,1776.651611328125,261.6789855957031,0.9893666505813599,8.470932960510254,1,1
1508008,1781.6072998046875,242.2183380126953,0.990933358669281,8.481200218200684,1,1
1508009,1782.0653076171875,241.05433654785156,0.990933358669281,8.48270034790039,1,1
1508010,1782.067626953125,241.14100646972656,0.990933358669281,8.481432914733887,1,1
1508011,1782.63671875,258.3736572265625,0.9895666837692261,8.478632926940918,1,1
1508012,1778.5030517578125,247.20767211914062,0.9904666543006897,8.470033645629883,1,1
1508013,1779.0849609375,245.95799255371094,0.9905666708946228,8.471766471862793,1,1
1508014,1777.9246826171875,250.1366729736328,0.9902333617210388,8.469233512878418,1,1
1508015,1773.6033935546875,265.6296691894531,0.9890000224113464,8.459400177001953,1,1
1508016,1777.2679443359375,253.3643341064453,0.9899333119392395,8.468132972717285,1,1
1508017,1773.5460205078125,269.5856628417969,0.9885666370391846,8.461999893188477,1,1
1508018,1775.9036865234375,259.7316589355469,0.9895333051681519,8.466133117675781,1,1
1508019,1777.5863037109375,251.84066772460938,0.9901333451271057,8.468700408935547,1,1
1508020,1773.9560546875,263.7869873046875,0.9890999794006348,8.459766387939453,1,1
1508021,1777.1326904296875,250.42832946777344,0.9902999997138977,8.465566635131836,1,1
1508022,1771.0242919921875,273.8103332519531,0.9883333444595337,8.45323371887207,1,1
1508023,1775.818359375,254.4669952392578,0.9897666573524475,8.462233543395996,1,1
1508024,1776.2667236328125,255.6959991455078,0.989799976348877,8.465266227722168,1,1
1508025,1777.041015625,250.76632690429688,0.9901000261306763,8.465433120727539,1,1
1508026,1780.791015625,246.53433227539062,0.9905666708946228,8.476433753967285,1,1
1508027,1779.5126953125,242.11900329589844,0.9908000230789185,8.471467018127441,1,1
1508028,1777.2393798828125,248.56967163085938,0.9903333187103271,8.464900016784668,1,1
1508029,1774.3260498046875,265.138671875,0.9889666438102722,8.462766647338867,1,1
1508030,1769.5443115234375,257.8553466796875,0.9894333481788635,8.451666831970215,1,1
1508031,1773.0546875,267.09832763671875,0.9889333248138428,8.457900047302246,1,1
1508032,1762.6573486328125,255.65933227539062,0.989633321762085,8.438899993896484,1,1
1508033,1765.3743896484375,242.56399536132812,0.9906333088874817,8.444100379943848,1,1
1508034,1763.212646484375,254.73233032226562,0.9896000027656555,8.440899848937988,1,1
1508035,1763.93505859375,244.663330078125,0.9904999732971191,8.440032958984375,1,1
1508036,1761.8817138671875,254.64599609375,0.9896666407585144,8.437199592590332,1,1
1508037,1762.447021484375,255.4773406982422,0.9895333051681519,8.440199851989746,1,1
1508038,1765.7049560546875,239.28933715820312,0.9908999800682068,8.444966316223145,1,1
1508039,1763.28662109375,254.52000427246094,0.9897000193595886,8.443599700927734,1,1
1508040,1766.7393798828125,244.50433349609375,0.9905333518981934,8.44813346862793,1,1
1508041,1769.260986328125,248.62733459472656,0.9902333617210388,8.4534330368042,1,1
1508042,1765.4300537109375,244.59767150878906,0.9904666543006897,8.447066307067871,1,1
1508043,1767.5926513671875,238.02732849121094,0.991100013256073,8.449166297912598,1,1
1508044,1763.66064453125,253.85032653808594,0.9897666573524475,8.441033363342285,1,1
1508045,1765.345703125,240.9739990234375,0.9908000230789185,8.4443998336792,1,1
1508046,1766.11767578125,239.08566284179688,0.990933358669281,8.44676685333252,1,1
1508047,1770.0860595703125,261.9649963378906,0.9890666604042053,8.455367088317871,1,1
1508048,1773.1259765625,268.4110107421875,0.9886666536331177,8.459199905395508,1,1
1508049,1772.9896240234375,270.17999267578125,0.9885666370391846,8.459866523742676,1,1
1508050,1776.7423095703125,250.63900756835938,0.9901000261306763,8.464433670043945,1,1
1508051,1777.5716552734375,248.8090057373047,0.9903333187103271,8.466666221618652,1,1
1508052,1779.2740478515625,242.093994140625,0.9907666444778442,8.469499588012695,1,1
1508053,1784.3197021484375,277.4896545410156,0.988099992275238,8.479133605957031,1,1
1508054,1781.9056396484375,249.6563262939453,0.9902999997138977,8.474367141723633,1,1
1508055,1785.916015625,272.7560119628906,0.9885333180427551,8.482033729553223,1,1
1508056,1787.6627197265625,267.3429870605469,0.9889666438102722,8.486233711242676,1,1
1508057,1788.47705078125,263.6683349609375,0.989300012588501,8.487500190734863,1,1
1508058,1792.268310546875,251.7723388671875,0.9902333617210388,8.497166633605957,1,1
1508059,1796.318359375,263.815673828125,0.9894000291824341,8.503133773803711,1,1
1508060,1799.1473388671875,275.9666748046875,0.9883999824523926,8.509766578674316,1,1
1508061,1796.8609619140625,267.7786560058594,0.9890000224113464,8.505766868591309,1,1
1508062,1796.6240234375,260.3443298339844,0.9896000027656555,8.503833770751953,1,1
1508063,1799.0523681640625,281.11065673828125,0.9879666566848755,8.508866310119629,1,1
1508064,1796.538330078125,255.8719940185547,0.9900333285331726,8.505766868591309,1,1
1508065,1791.1466064453125,252.6963348388672,0.990066647529602,8.492632865905762,1,1
1508066,1793.109375,240.9703369140625,0.991100013256073,8.494132995605469,1,1
1508067,1793.7257080078125,245.12100219726562,0.9908666610717773,8.495699882507324,1,1
1508068,1792.995361328125,240.8373260498047,0.9910333156585693,8.493633270263672,1,1
1508069,1792.8380126953125,242.45433044433594,0.9909666776657104,8.493733406066895,1,1
1508070,1793.7139892578125,236.90199279785156,0.9913666844367981,8.494400024414062,1,1
1508071,1786.7706298828125,265.0233459472656,0.9892333149909973,8.480500221252441,1,1
1508072,1787.8189697265625,261.0023193359375,0.989466667175293,8.482566833496094,1,1
1508073,1785.84765625,268.8840026855469,0.9887666702270508,8.478933334350586,1,1
1508074,1783.369384765625,276.7026672363281,0.9882333278656006,8.472867012023926,1,1
1508075,1784.833984375,269.86932373046875,0.9886999726295471,8.474800109863281,1,1
1508076,1780.14501953125,249.66433715820312,0.9901999831199646,8.46500015258789,1,1
1508077,1782.1866455078125,270.3299865722656,0.9886999726295471,8.472533226013184,1,1
1508078,1773.5836181640625,251.35833740234375,0.9900333285331726,8.453033447265625,1,1
1508079,1775.720703125,244.36599731445312,0.9905999898910522,8.455033302307129,1,1
1508080,1787.8466796875,235.26266479492188,0.9914666414260864,8.480732917785645,1,1
1508081,1788.079345703125,253.50765991210938,0.990066647529602,8.478866577148438,1,1
1508082,1791.36962890625,245.99867248535156,0.9908000230789185,8.485333442687988,1,1
1508083,1791.572021484375,253.87033081054688,0.9901000261306763,8.483633041381836,1,1
1508084,1790.2149658203125,243.40367126464844,0.9908333420753479,8.480966567993164,1,1
1508085,1793.8546142578125,239.14466857910156,0.9911666512489319,8.490233421325684,1,1
1508086,1791.8056640625,245.2643280029297,0.9907333254814148,8.490766525268555,1,1
1508087,1792.0537109375,246.56166076660156,0.9906333088874817,8.49269962310791,1,1
1508088,1789.3197021484375,256.96734619140625,0.9897333383560181,8.487099647521973,1,1
1508089,1788.90869140625,262.2149963378906,0.9894333481788635,8.488432884216309,1,1
1508090,1788.8016357421875,258.3240051269531,0.9897333383560181,8.485333442687988,1,1
1508091,1786.120361328125,270.7886657714844,0.9887333512306213,8.481466293334961,1,1
1508092,1782.0213623046875,247.77867126464844,0.9904666543006897,8.471333503723145,1,1
1508093,1781.942626953125,260.9880065917969,0.9894000291824341,8.473066329956055,1,1
1508094,1780.422607421875,234.84866333007812,0.991433322429657,8.469833374023438,1,1
1508095,1786.3507080078125,267.8739929199219,0.9888333082199097,8.481766700744629,1,1
1508096,1781.2506103515625,231.77000427246094,0.9916333556175232,8.471766471862793,1,1
1508097,1785.17431640625,261.3343200683594,0.989466667175293,8.478567123413086,1,1
1508098,1786.681640625,269.1876525878906,0.9887999892234802,8.482966423034668,1,1
1508099,1791.5123291015625,245.71665954589844,0.9906666874885559,8.489700317382812,1,1
1508100,1789.791015625,252.67933654785156,0.9901000261306763,8.486332893371582,1,1
1508101,1777.373291015625,252.02867126464844,0.990066647529602,8.461566925048828,1,1
1508102,1777.3160400390625,244.10133361816406,0.9907000064849854,8.462367057800293,1,1
1508103,1774.571044921875,252.12367248535156,0.9900000095367432,8.454766273498535,1,1
1508104,1773.3297119140625,256.726318359375,0.9897000193595886,8.452133178710938,1,1
1508105,1776.7650146484375,243.21400451660156,0.9907333254814148,8.459266662597656,1,1
1508106,1761.2850341796875,247.6713409423828,0.9902666807174683,8.42710018157959,1,1
1508107,1762.19970703125,239.87966918945312,0.9908000230789185,8.4288330078125,1,1
1508108,1764.538330078125,247.15499877929688,0.9902666807174683,8.433066368103027,1,1
1508109,1762.956298828125,236.33700561523438,0.9910333156585693,8.430100440979004,1,1
1508110,1766.9722900390625,251.41932678222656,0.9900333285331726,8.443166732788086,1,1
1508111,1785.71728515625,222.1126708984375,0.9922666549682617,8.523866653442383,1,1
1508112,1789.219970703125,267.3326721191406,0.9890999794006348,8.537632942199707,1,1
1508113,1789.107666015625,256.351318359375,0.989799976348877,8.53416633605957,1,1
1508114,1794.0126953125,247.9373321533203,0.9905999898910522,8.542966842651367,1,1
1508115,1798.51171875,228.35299682617188,0.9920333623886108,8.551799774169922,1,1
1508116,1799.411376953125,221.5936737060547,0.9925000071525574,8.550633430480957,1,1
1508117,1803.4127197265625,267.4303283691406,0.9891999959945679,8.559366226196289,1,1
1508118,1800.5059814453125,248.68800354003906,0.9904999732971191,8.549833297729492,1,1
1508119,1800.4356689453125,262.89599609375,0.9895333051681519,8.547966957092285,1,1
1508120,1802.92236328125,240.22300720214844,0.9911999702453613,8.554400444030762,1,1
1508121,1802.5596923828125,264.9946594238281,0.9894000291824341,8.553799629211426,1,1
1508122,1799.9437255859375,252.48899841308594,0.9902666807174683,8.549799919128418,1,1
1508123,1803.2813720703125,257.1853332519531,0.9899666905403137,8.556166648864746,1,1
1508124,1801.39599609375,272.01068115234375,0.9887999892234802,8.554533004760742,1,1
1508125,1800.3890380859375,247.00534057617188,0.9907333254814148,8.55090045928955,1,1
1508126,1798.3206787109375,254.59033203125,0.990066647529602,8.548800468444824,1,1
1508127,1799.36865234375,237.0276641845703,0.9913666844367981,8.553466796875,1,1
1508128,1790.559326171875,257.3810119628906,0.9897000193595886,8.534233093261719,1,1
1508129,1796.68896484375,233.91099548339844,0.9916999936103821,8.546533584594727,1,1
1508130,1799.71533203125,245.86399841308594,0.9907333254814148,8.55109977722168,1,1
1508131,1802.9136962890625,254.3163299560547,0.9901666641235352,8.557833671569824,1,1
1508132,1805.02001953125,256.1210021972656,0.9899666905403137,8.562166213989258,1,1
1508133,1801.01904296875,246.39466857910156,0.9906333088874817,8.556333541870117,1,1
1508134,1803.3236083984375,254.02366638183594,0.9901666641235352,8.561200141906738,1,1
1508135,1802.1719970703125,259.1099853515625,0.989799976348877,8.556900024414062,1,1
1508136,1803.82763671875,256.5386657714844,0.9898666739463806,8.559399604797363,1,1
1508137,1804.7066650390625,251.64833068847656,0.9904000163078308,8.566133499145508,1,1
1508138,1803.2213134765625,257.2869873046875,0.9898999929428101,8.565600395202637,1,1
1508139,1803.0159912109375,269.47332763671875,0.9890000224113464,8.56326675415039,1,1
1508140,1799.7149658203125,242.66099548339844,0.9910333156585693,8.557167053222656,1,1
1508141,1802.134033203125,264.4713439941406,0.9893333315849304,8.56136703491211,1,1
1508142,1799.0780029296875,233.56399536132812,0.9916333556175232,8.553633689880371,1,1
1508143,1797.6826171875,230.24600219726562,0.9918666481971741,8.549033164978027,1,1
1508144,1799.0760498046875,224.628662109375,0.9922333359718323,8.551033020019531,1,1
1508145,1798.495361328125,238.60499572753906,0.9911999702453613,8.551567077636719,1,1
1508146,1798.8756103515625,225.2223358154297,0.9922000169754028,8.551600456237793,1,1
1508147,1804.8653564453125,247.91867065429688,0.9906333088874817,8.563933372497559,1,1
1508148,1807.633056640625,253.40699768066406,0.9902666807174683,8.569766998291016,1,1
1508149,1808.8563232421875,250.10299682617188,0.9905666708946228,8.573166847229004,1,1
1508150,1803.1846923828125,260.2090148925781,0.9897333383560181,8.557833671569824,1,1
1508151,1807.1636962890625,255.611328125,0.9901333451271057,8.568833351135254,1,1
1508152,1803.6123046875,250.84767150878906,0.9904333353042603,8.557600021362305,1,1
1508153,1808.9100341796875,249.14366149902344,0.9906333088874817,8.572966575622559,1,1
1508154,1809.2010498046875,241.57699584960938,0.9911333322525024,8.569466590881348,1,1
1508155,1808.390625,250.5780029296875,0.9905666708946228,8.571433067321777,1,1
1508156,1808.68701171875,247.361328125,0.9908000230789185,8.570632934570312,1,1
1508157,1808.5213623046875,249.3853302001953,0.9906333088874817,8.571200370788574,1,1
1508158,1808.6282958984375,252.74766540527344,0.9902666807174683,8.573800086975098,1,1
1508159,1809.3756103515625,254.53933715820312,0.9902666807174683,8.578566551208496,1,1
1508160,1807.851318359375,256.9513244628906,0.9900333285331726,8.572933197021484,1,1
1508161,1810.917724609375,244.375,0.9909999966621399,8.579099655151367,1,1
1508162,1811.2396240234375,236.125,0.9915666580200195,8.574333190917969,1,1
1508163,1819.8106689453125,259.45233154296875,0.990066647529602,8.590299606323242,1,1
1508164,1819.809326171875,258.5740051269531,0.9898999929428101,8.589266777038574,1,1
1508165,1819.5439453125,254.93299865722656,0.9902666807174683,8.589933395385742,1,1
1508166,1820.9056396484375,255.98133850097656,0.9901999831199646,8.592733383178711,1,1
1508167,1816.003662109375,267.8919982910156,0.989300012588501,8.582099914550781,1,1
1508168,1816.5179443359375,257.49334716796875,0.9900333285331726,8.583033561706543,1,1
1508169,1807.355712890625,248.15432739257812,0.9906333088874817,8.56523323059082,1,1
1508170,1809.2650146484375,242.59165954589844,0.9911666512489319,8.570300102233887,1,1
1508171,1810.34765625,244.5016632080078,0.9908999800682068,8.576533317565918,1,1
1508172,1832.3133544921875,234.72000122070312,0.9916999936103821,8.677399635314941,1,1
1508173,1872.814697265625,249.7949981689453,0.9911333322525024,8.870499610900879,1,1
1508174,1864.3507080078125,234.0883331298828,0.9921000003814697,8.84726619720459,1,1
1508175,1864.510986328125,254.45266723632812,0.9907333254814148,8.844833374023438,1,1
1508176,1862.1236572265625,237.1563262939453,0.9918333292007446,8.838733673095703,1,1
1508177,1858.7413330078125,225.55467224121094,0.9926666617393494,8.82823371887207,1,1
1508178,1857.3070068359375,233.6269989013672,0.9922333359718323,8.829999923706055,1,1
1508179,1859.8603515625,232.482666015625,0.9922000169754028,8.837333679199219,1,1
1508180,1860.5947265625,226.67599487304688,0.9925666451454163,8.841666221618652,1,1
1508181,1861.13134765625,236.3993377685547,0.9919999837875366,8.83180046081543,1,1
1508182,1858.8280029296875,262.84332275390625,0.9901666641235352,8.823533058166504,1,1
1508183,1861.5560302734375,247.88833618164062,0.9912333488464355,8.828533172607422,1,1
1508184,1858.9520263671875,245.39967346191406,0.9914000034332275,8.817466735839844,1,1
1508185,1862.502685546875,245.75599670410156,0.9913333058357239,8.82313346862793,1,1
1508186,1857.8536376953125,256.5633239746094,0.9905666708946228,8.815266609191895,1,1
1508187,1856.42333984375,249.49600219726562,0.9909999966621399,8.811633110046387,1,1
1508188,1856.4857177734375,250.8506622314453,0.9910333156585693,8.812100410461426,1,1
1508189,1836.5970458984375,268.6716613769531,0.9891999959945679,8.726966857910156,1,1
1508190,1805.6746826171875,267.017333984375,0.989133358001709,8.569766998291016,1,1
1508191,723.642333984375,356.2843322753906,0.7874333262443542,4.034599781036377,1,1
1508192,328.73565673828125,210.06033325195312,0.8427000045776367,1.824133276939392,1,1
1508193,330.4316711425781,211.197998046875,0.8425999879837036,1.8348333835601807,1,1
1508194,328.6053466796875,209.98733520507812,0.8427000045776367,1.8251333236694336,1,1
1508195,329.4766540527344,209.54432678222656,0.8437666893005371,1.8277666568756104,1,1
1508196,1578.3343505859375,167.934326171875,0.9866666793823242,7.500866889953613,1,1
1508197,1716.9393310546875,215.59266662597656,0.9921333193778992,8.162766456604004,1,1
1508198,1713.02294921875,227.906005859375,0.9911999702453613,8.152233123779297,1,1
1508199,1712.220947265625,226.79200744628906,0.9912333488464355,8.144133567810059,1,1
1508200,1711.0469970703125,223.4199981689453,0.991599977016449,8.140067100524902,1,1
1508201,1709.4990234375,221.24732971191406,0.9916333556175232,8.1315336227417,1,1
1508202,1708.3480224609375,226.4373321533203,0.9911333322525024,8.126066207885742,1,1
1508203,1704.9429931640625,230.94667053222656,0.9908333420753479,8.111466407775879,1,1
1508204,1709.705322265625,245.8816680908203,0.9898333549499512,8.114500045776367,1,1
1508205,1706.7686767578125,222.21800231933594,0.9915000200271606,8.106766700744629,1,1
1508206,1704.4139404296875,245.6126708984375,0.9897000193595886,8.101566314697266,1,1
1508207,1704.5933837890625,212.69400024414062,0.9922000169754028,8.099466323852539,1,1
1508208,1693.981689453125,241.09933471679688,0.9900000095367432,8.079500198364258,1,1
1508209,1700.572998046875,225.35000610351562,0.9911999702453613,8.092766761779785,1,1
1508210,1703.6839599609375,235.01699829101562,0.9905666708946228,8.09630012512207,1,1
1508211,1706.70263671875,230.3243408203125,0.9908333420753479,8.097766876220703,1,1
1508212,1706.630615234375,228.41366577148438,0.9910666942596436,8.1000337600708,1,1
1508213,1702.6693115234375,231.84567260742188,0.9907666444778442,8.090867042541504,1,1
1508214,1681.5460205078125,248.98233032226562,0.9891999959945679,8.005332946777344,1,1
1508215,1678.7723388671875,224.8249969482422,0.9910666942596436,7.988733291625977,1,1
1508216,1680.0936279296875,229.3263397216797,0.9907000064849854,7.993166446685791,1,1
1508217,1682.175048828125,226.81700134277344,0.9909999966621399,8.006999969482422,1,1
1508218,1682.1456298828125,245.3070068359375,0.9894000291824341,8.019267082214355,1,1
1508219,1681.7933349609375,242.25267028808594,0.9897333383560181,8.015399932861328,1,1
1508220,1679.4649658203125,250.5743408203125,0.9890000224113464,8.010199546813965,1,1
1508221,1680.3070068359375,234.41366577148438,0.9902999997138977,8.003199577331543,1,1
1508222,1674.818359375,236.4290008544922,0.9901000261306763,7.9791998863220215,1,1
1508223,1675.6510009765625,231.427001953125,0.9904999732971191,7.979433536529541,1,1
1508224,1677.16162109375,243.0030059814453,0.9897000193595886,7.9828667640686035,1,1
1508225,1668.2606201171875,231.2376708984375,0.9904666543006897,7.964200019836426,1,1
1508226,1670.010009765625,251.37367248535156,0.9887999892234802,7.967866897583008,1,1
1508227,1671.623291015625,234.69900512695312,0.9902666807174683,7.968999862670898,1,1
1508228,1670.64404296875,249.04666137695312,0.9890666604042053,7.9679999351501465,1,1
1508229,1672.9093017578125,240.7876739501953,0.9897666573524475,7.972833156585693,1,1
1508230,1669.4873046875,246.9683380126953,0.9890666604042053,7.964900016784668,1,1
1508231,1669.130615234375,239.8546600341797,0.9897666573524475,7.963866710662842,1,1
1508232,1663.1409912109375,226.6163330078125,0.9906666874885559,7.9527997970581055,1,1
1508233,1667.93701171875,240.05999755859375,0.9896666407585144,7.96453332901001,1,1
1508234,1667.3883056640625,242.52066040039062,0.9895333051681519,7.962200164794922,1,1
1508235,1665.7860107421875,231.44532775878906,0.9903666377067566,7.957900047302246,1,1
1508236,1665.892333984375,239.47166442871094,0.9897000193595886,7.959133148193359,1,1
1508237,1664.891357421875,241.51300048828125,0.9893666505813599,7.959366798400879,1,1
1508238,1663.3193359375,233.54800415039062,0.9901666641235352,7.95359992980957,1,1
1508239,1663.6240234375,238.18133544921875,0.9897333383560181,7.9474334716796875,1,1
1508240,1664.184326171875,229.73033142089844,0.9904999732971191,7.955533504486084,1,1
1508241,1666.017333984375,235.62933349609375,0.9899666905403137,7.9571332931518555,1,1
1508242,1665.0897216796875,240.45767211914062,0.9895333051681519,7.954366683959961,1,1
1508243,1668.0589599609375,242.0123291015625,0.9893333315849304,7.959666728973389,1,1
1508244,1664.512939453125,243.77333068847656,0.9892666935920715,7.951399803161621,1,1
1508245,1666.5250244140625,238.80499267578125,0.9897000193595886,7.958366870880127,1,1
1508246,1665.8526611328125,233.8506622314453,0.9901333451271057,7.957499980926514,1,1
1508247,1666.508056640625,252.88467407226562,0.9886666536331177,7.958666801452637,1,1
1508248,1669.6116943359375,249.27200317382812,0.9889000058174133,7.963833332061768,1,1
1508249,1668.01904296875,236.96200561523438,0.9900000095367432,7.959000110626221,1,1
1508250,1668.3316650390625,247.36734008789062,0.9890333414077759,7.96019983291626,1,1
1508251,1670.84033203125,237.23167419433594,0.9900333285331726,7.964700222015381,1,1
1508252,1668.76904296875,244.31967163085938,0.9893666505813599,7.960033416748047,1,1
1508253,1671.6689453125,241.50833129882812,0.9896666407585144,7.967800140380859,1,1
1508254,1669.5863037109375,238.58999633789062,0.989799976348877,7.964033126831055,1,1
1508255,1671.1756591796875,243.83399963378906,0.9893666505813599,7.967166900634766,1,1
1508256,1666.88232421875,246.70599365234375,0.989133358001709,7.956500053405762,1,1
1508257,1668.3193359375,238.0503387451172,0.9897666573524475,7.958866596221924,1,1
1508258,1666.38330078125,236.4336700439453,0.9899666905403137,7.953933238983154,1,1
1508259,1671.0889892578125,233.56100463867188,0.9902999997138977,7.963466644287109,1,1
1508260,1668.6363525390625,244.6913299560547,0.9893666505813599,7.959466457366943,1,1
1508261,1670.286376953125,239.14500427246094,0.989799976348877,7.965066432952881,1,1
1508262,1668.290283203125,246.4026641845703,0.9891999959945679,7.96156644821167,1,1
1508263,1674.8740234375,230.0953369140625,0.9905999898910522,7.975566864013672,1,1
1508264,1671.6556396484375,242.9040069580078,0.9895333051681519,7.968699932098389,1,1
1508265,1674.5693359375,233.2270050048828,0.9902999997138977,7.972366809844971,1,1
1508266,1674.9263916015625,235.0363311767578,0.9902333617210388,7.975500106811523,1,1
1508267,1679.54296875,236.211669921875,0.990066647529602,7.986433506011963,1,1
1508268,1676.9716796875,235.50967407226562,0.9901000261306763,7.9810333251953125,1,1
1508269,1678.0626220703125,241.48300170898438,0.989633321762085,7.986666679382324,1,1
1508270,1671.5169677734375,239.11700439453125,0.9897666573524475,7.973299980163574,1,1
1508271,1679.4510498046875,234.81832885742188,0.9902666807174683,7.99233341217041,1,1
1508272,1681.5860595703125,252.33132934570312,0.9888333082199097,7.994200229644775,1,1
1508273,1687.859619140625,244.4213409423828,0.9895333051681519,8.007499694824219,1,1
1508274,1685.0909423828125,244.65333557128906,0.989466667175293,7.999199867248535,1,1
1508275,1694.8726806640625,234.67433166503906,0.9904000163078308,8.01866626739502,1,1
1508276,1691.690673828125,243.83200073242188,0.9896666407585144,8.010100364685059,1,1
1508277,1694.7659912109375,225.56832885742188,0.9912333488464355,8.019933700561523,1,1
1508278,1689.7366943359375,235.59767150878906,0.9902999997138977,8.006766319274902,1,1
1508279,1688.86767578125,242.11166381835938,0.9898333549499512,8.010600090026855,1,1
1508280,1683.265625,254.1713409423828,0.9887333512306213,7.993966579437256,1,1
1508281,1682.76171875,248.88966369628906,0.9890333414077759,7.993566513061523,1,1
1508282,1680.1689453125,259.5863342285156,0.9881666898727417,7.987400054931641,1,1
1508283,1677.9849853515625,232.8179931640625,0.9902999997138977,7.98033332824707,1,1
1508284,1676.28564453125,224.42266845703125,0.9910666942596436,7.978400230407715,1,1
1508285,1679.0003662109375,230.60499572753906,0.9904333353042603,7.983066558837891,1,1
1508286,1678.1839599609375,240.1490020751953,0.9897333383560181,7.979166507720947,1,1
1508287,1676.8336181640625,234.5229949951172,0.9902666807174683,7.977499961853027,1,1
1508288,1673.515380859375,236.01300048828125,0.990066647529602,7.972899913787842,1,1
1508289,1672.3509521484375,240.7083282470703,0.989799976348877,7.970300197601318,1,1
1508290,1676.4693603515625,235.40533447265625,0.9901666641235352,7.974966526031494,1,1
1508291,1676.2506103515625,240.0663299560547,0.9897666573524475,7.976133346557617,1,1
1508292,1674.1876220703125,233.80299377441406,0.9902666807174683,7.971933364868164,1,1
1508293,1667.9583740234375,250.23300170898438,0.9888666868209839,7.960033416748047,1,1
1508294,1664.1566162109375,239.63034057617188,0.989633321762085,7.9517998695373535,1,1
1508295,1662.774658203125,236.84767150878906,0.9899333119392395,7.947966575622559,1,1
1508296,1662.4622802734375,238.20266723632812,0.9897000193595886,7.946800231933594,1,1
1508297,1654.3466796875,245.66900634765625,0.9890666604042053,7.930766582489014,1,1
1508298,1654.5972900390625,244.74732971191406,0.989133358001709,7.927666664123535,1,1
1508299,1652.60302734375,242.89866638183594,0.989300012588501,7.928100109100342,1,1
1508300,1653.957275390625,219.9723358154297,0.9911999702453613,7.931033134460449,1,1
1508301,1652.7230224609375,251.6403350830078,0.9884999990463257,7.93120002746582,1,1
1508302,1653.24267578125,244.9756622314453,0.9890999794006348,7.929133415222168,1,1
1508303,1652.39501953125,246.60400390625,0.9890000224113464,7.929999828338623,1,1
1508304,1653.8280029296875,237.3296661376953,0.9897666573524475,7.930366516113281,1,1
1508305,1654.656982421875,249.2186737060547,0.9886333346366882,7.935100078582764,1,1
1508306,1661.19970703125,226.40167236328125,0.9908000230789185,7.94623327255249,1,1
1508307,709.1896362304688,417.8733215332031,0.7520999908447266,4.198599815368652,1,1
1508308,307.9983215332031,217.857666015625,0.8163666725158691,1.774566650390625,1,1
1508309,307.3553466796875,219.56365966796875,0.8136000037193298,1.7759000062942505,1,1
1508310,308.288330078125,218.552001953125,0.8157333135604858,1.7741999626159668,1,1
1508311,307.42999267578125,219.2050018310547,0.8142333626747131,1.7707666158676147,1,1
1508312,308.96234130859375,219.49166870117188,0.8151666522026062,1.7760000228881836,1,1
1508313,307.5450134277344,220.41233825683594,0.8127666711807251,1.774233341217041,1,1
1508314,307.8399963378906,220.06166076660156,0.8136000037193298,1.7749333381652832,1,1
1508315,307.4280090332031,219.0469970703125,0.8144000172615051,1.7722666263580322,1,1
1508316,307.0863342285156,219.54966735839844,0.8133999705314636,1.7706667184829712,1,1
1508317,306.85565185546875,218.8953399658203,0.8140666484832764,1.7696666717529297,1,1
1508318,307.1050109863281,220.1023406982422,0.812833309173584,1.770300030708313,1,1
1508319,306.9679870605469,220.5959930419922,0.8120999932289124,1.7727999687194824,1,1
1508320,306.4333190917969,218.32032775878906,0.8144333362579346,1.7747999429702759,1,1
1508321,307.6793212890625,218.531005859375,0.8152333498001099,1.7768332958221436,1,1
1508322,267.795654296875,234.1320037841797,0.7376333475112915,1.6892000436782837,1,1
1508323,179.5416717529297,247.70433044433594,0.5868666768074036,1.4401333332061768,1,1
1508324,178.93800354003906,247.52532958984375,0.5858666896820068,1.4359999895095825,1,1
1508325,178.83399963378906,248.95899963378906,0.5833333134651184,1.4393666982650757,1,1
1508326,179.1183319091797,247.49366760253906,0.5861666798591614,1.438166618347168,1,1
1508327,179.9496612548828,250.09832763671875,0.5841000080108643,1.4444999694824219,1,1
1508328,179.13099670410156,249.46466064453125,0.583133339881897,1.4385000467300415,1,1
1508329,181.09567260742188,248.54833984375,0.588866651058197,1.4437999725341797,1,1
1508330,179.55332946777344,249.59933471679688,0.5839333534240723,1.442199945449829,1,1
1508331,180.68634033203125,249.78733825683594,0.5860999822616577,1.4466999769210815,1,1
1508332,180.55833435058594,249.7030029296875,0.5859333276748657,1.4466999769210815,1,1
1508333,183.68666076660156,252.38133239746094,0.5885000228881836,1.4591333866119385,1,1
1508334,180.6719970703125,251.52699279785156,0.5833666920661926,1.4473999738693237,1,1
1508335,181.86734008789062,250.1336669921875,0.5880666375160217,1.4492332935333252,1,1
1508336,180.8523406982422,249.7103271484375,0.5864666700363159,1.4462000131607056,1,1
1508337,182.0070037841797,250.4393310546875,0.5878666639328003,1.450766682624817,1,1
1508338,180.69467163085938,249.68966674804688,0.5862666964530945,1.4457000494003296,1,1
1508339,182.46299743652344,250.54100036621094,0.5886666774749756,1.4508333206176758,1,1
1508340,180.67933654785156,249.9063262939453,0.5857999920845032,1.4439666271209717,1,1
1508341,181.8979949951172,248.15333557128906,0.5911999940872192,1.445199966430664,1,1
1508342,180.5326690673828,249.52099609375,0.5861999988555908,1.443933367729187,1,1
1508343,180.3336639404297,250.42933654785156,0.5842666625976562,1.444100022315979,1,1
1508344,179.75967407226562,249.24600219726562,0.5849999785423279,1.4427666664123535,1,1
1508345,181.63900756835938,250.8090057373047,0.5866000056266785,1.4488999843597412,1,1
1508346,179.84767150878906,251.21400451660156,0.5821999907493591,1.4439666271209717,1,1
1508347,180.68800354003906,249.01199340820312,0.5873333215713501,1.444433331489563,1,1
1508348,180.68032836914062,250.52366638183594,0.5849000215530396,1.4458667039871216,1,1
1508349,180.67266845703125,250.3853302001953,0.585099995136261,1.4443999528884888,1,1
1508350,179.75,248.83934020996094,0.5855666399002075,1.4412000179290771,1,1
1508351,180.76800537109375,250.01300048828125,0.5859333276748657,1.444166660308838,1,1
1508352,179.59066772460938,249.21066284179688,0.5846999883651733,1.4397000074386597,1,1
1508353,180.5243377685547,248.09632873535156,0.5883333086967468,1.440500020980835,1,1
1508354,180.927001953125,249.47300720214844,0.5871666669845581,1.4432333707809448,1,1
1508355,180.63133239746094,249.74400329589844,0.5860333442687988,1.4412000179290771,1,1
1508356,180.17166137695312,248.55233764648438,0.5869666934013367,1.441266655921936,1,1
1508357,181.09500122070312,249.4949951171875,0.5874333381652832,1.444000005722046,1,1
1508358,180.3953399658203,249.2306671142578,0.5861666798591614,1.4404000043869019,1,1
1508359,180.77499389648438,248.10733032226562,0.588866651058197,1.4412332773208618,1,1
1508360,180.9236602783203,248.64833068847656,0.5884000062942505,1.4436999559402466,1,1
1508361,179.77532958984375,248.26600646972656,0.5864333510398865,1.4377332925796509,1,1
1508362,193.01100158691406,245.1106719970703,0.6138666868209839,1.4693000316619873,1,1
1508363,301.28265380859375,248.17300415039062,0.7718999981880188,1.8309999704360962,1,1
1508364,300.0369873046875,249.7396697998047,0.7686333060264587,1.8327666521072388,1,1
1508365,300.4426574707031,249.75900268554688,0.7689666748046875,1.8343000411987305,1,1
1508366,300.33734130859375,249.18833923339844,0.7695666551589966,1.8313332796096802,1,1
1508367,298.60333251953125,249.23199462890625,0.767633318901062,1.826366662979126,1,1
1508368,297.6236572265625,247.41366577148438,0.7689999938011169,1.8210666179656982,1,1
1508369,299.0616760253906,249.7100067138672,0.7675666809082031,1.8291666507720947,1,1
1508370,298.2033386230469,247.52566528320312,0.7693666815757751,1.8212333917617798,1,1
1508371,299.9530029296875,249.4149932861328,0.7689666748046875,1.830633282661438,1,1
